[
  {
    "licensePlate": "GN250MT",
    "branchOffice": "Cassino",
    "provider": "Vivarent"
  },
  {
    "licensePlate": "GN568MS",
    "branchOffice": "Cassino",
    "provider": "Vivarent"
  },
  {
    "licensePlate": "FK085NB",
    "branchOffice": "Cassino",
    "provider": "Vivarent"
  },
  {
    "licensePlate": "FV903WK",
    "branchOffice": "Cassino",
    "provider": "Vivarent"
  },
  {
    "licensePlate": "GC626SR",
    "branchOffice": "Cassino",
    "provider": "Vivarent"
  },
  {
    "licensePlate": "GD745RW",
    "branchOffice": "Cassino",
    "provider": "Vivarent"
  },
  {
    "licensePlate": "GF759SZ",
    "branchOffice": "Cassino",
    "provider": "Vivarent"
  },
  {
    "licensePlate": "GF969TB",
    "branchOffice": "Cassino",
    "provider": "Vivarent"
  },
  {
    "licensePlate": "GH040ST",
    "branchOffice": "Cassino",
    "provider": "Vivarent"
  },
  {
    "licensePlate": "GH042ST",
    "branchOffice": "Cassino",
    "provider": "Vivarent"
  },
  {
    "licensePlate": "GH156YM",
    "branchOffice": "Cassino",
    "provider": "Vivarent"
  },
  {
    "licensePlate": "GH163YM",
    "branchOffice": "Cassino",
    "provider": "Vivarent"
  },
  {
    "licensePlate": "GH867YF",
    "branchOffice": "Cassino",
    "provider": "Vivarent"
  },
  {
    "licensePlate": "GJ182TK",
    "branchOffice": "Cassino",
    "provider": "Davide Papa - Eco Liri"
  },
  {
    "licensePlate": "GJ184TK",
    "branchOffice": "Cassino",
    "provider": "Davide Papa - Eco Liri"
  },
  {
    "licensePlate": "GJ257YF",
    "branchOffice": "Cassino",
    "provider": "Vivarent"
  },
  {
    "licensePlate": "GJ346ZB",
    "branchOffice": "Cassino",
    "provider": "Vivarent"
  },
  {
    "licensePlate": "GJ464MM",
    "branchOffice": "Cassino",
    "provider": "Vivarent"
  },
  {
    "licensePlate": "GJ525JK",
    "branchOffice": "Cassino",
    "provider": "Vivarent"
  },
  {
    "licensePlate": "GJ634FV",
    "branchOffice": "Cassino",
    "provider": "Vivarent"
  },
  {
    "licensePlate": "GJ635FV",
    "branchOffice": "Cassino",
    "provider": "Vivarent"
  },
  {
    "licensePlate": "GJ636FV",
    "branchOffice": "Cassino",
    "provider": "Vivarent"
  },
  {
    "licensePlate": "GJ639FV",
    "branchOffice": "Cassino",
    "provider": "Vivarent"
  },
  {
    "licensePlate": "GJ699VL",
    "branchOffice": "Cassino",
    "provider": "Vivarent"
  },
  {
    "licensePlate": "GJ926FP",
    "branchOffice": "Cassino",
    "provider": "Vivarent"
  },
  {
    "licensePlate": "GJ941FP",
    "branchOffice": "Cassino",
    "provider": "Vivarent"
  },
  {
    "licensePlate": "GJ942FP",
    "branchOffice": "Cassino",
    "provider": "Vivarent"
  },
  {
    "licensePlate": "GJ943FP",
    "branchOffice": "Cassino",
    "provider": "Vivarent"
  },
  {
    "licensePlate": "GJ944FP",
    "branchOffice": "Cassino",
    "provider": "Vivarent"
  },
  {
    "licensePlate": "GJ946FP",
    "branchOffice": "Cassino",
    "provider": "Vivarent"
  },
  {
    "licensePlate": "GJ947FP",
    "branchOffice": "Cassino",
    "provider": "Vivarent"
  },
  {
    "licensePlate": "GJ949FP",
    "branchOffice": "Cassino",
    "provider": "Vivarent"
  },
  {
    "licensePlate": "GJ968FP",
    "branchOffice": "Cassino",
    "provider": "Vivarent"
  },
  {
    "licensePlate": "GK026MG",
    "branchOffice": "Cassino",
    "provider": "Davide Papa - Eco Liri"
  },
  {
    "licensePlate": "GK053CG",
    "branchOffice": "Cassino",
    "provider": "Vivarent"
  },
  {
    "licensePlate": "GK151CC",
    "branchOffice": "Cassino",
    "provider": "Vivarent"
  },
  {
    "licensePlate": "GK168MH",
    "branchOffice": "Cassino",
    "provider": "Vivarent"
  },
  {
    "licensePlate": "GK195CC",
    "branchOffice": "Cassino",
    "provider": "Vivarent"
  },
  {
    "licensePlate": "GK198CC",
    "branchOffice": "Cassino",
    "provider": "Vivarent"
  },
  {
    "licensePlate": "GK199CC",
    "branchOffice": "Cassino",
    "provider": "Vivarent"
  },
  {
    "licensePlate": "GK200HF",
    "branchOffice": "Cassino",
    "provider": "Vivarent"
  },
  {
    "licensePlate": "GK322MH",
    "branchOffice": "Cassino",
    "provider": "Vivarent"
  },
  {
    "licensePlate": "GK346MH",
    "branchOffice": "Cassino",
    "provider": "Vivarent"
  },
  {
    "licensePlate": "GK347MH",
    "branchOffice": "Cassino",
    "provider": "Vivarent"
  },
  {
    "licensePlate": "GK440FT",
    "branchOffice": "Cassino",
    "provider": "Vivarent"
  },
  {
    "licensePlate": "GK573BC",
    "branchOffice": "Cassino",
    "provider": "Vivarent"
  },
  {
    "licensePlate": "GK574BC",
    "branchOffice": "Cassino",
    "provider": "Vivarent"
  },
  {
    "licensePlate": "GK579YX",
    "branchOffice": "Cassino",
    "provider": "Vivarent"
  },
  {
    "licensePlate": "GK580YX",
    "branchOffice": "Cassino",
    "provider": "Vivarent"
  },
  {
    "licensePlate": "GK935HF",
    "branchOffice": "Cassino",
    "provider": "Vivarent"
  },
  {
    "licensePlate": "GK961YW",
    "branchOffice": "Cassino",
    "provider": "Vivarent"
  },
  {
    "licensePlate": "GL064ZN",
    "branchOffice": "Cassino",
    "provider": "Vivarent"
  },
  {
    "licensePlate": "GL065ZN",
    "branchOffice": "Cassino",
    "provider": "Vivarent"
  },
  {
    "licensePlate": "GL221GR",
    "branchOffice": "Cassino",
    "provider": "Vivarent"
  },
  {
    "licensePlate": "GL262GR",
    "branchOffice": "Cassino",
    "provider": "Vivarent"
  },
  {
    "licensePlate": "GL276MM",
    "branchOffice": "Cassino",
    "provider": "Vivarent"
  },
  {
    "licensePlate": "GL280MM",
    "branchOffice": "Cassino",
    "provider": "Vivarent"
  },
  {
    "licensePlate": "GL287MM",
    "branchOffice": "Cassino",
    "provider": "Vivarent"
  },
  {
    "licensePlate": "GL291MM",
    "branchOffice": "Cassino",
    "provider": "Vivarent"
  },
  {
    "licensePlate": "GL296MM",
    "branchOffice": "Cassino",
    "provider": "Vivarent"
  },
  {
    "licensePlate": "GL297MM",
    "branchOffice": "Cassino",
    "provider": "Vivarent"
  },
  {
    "licensePlate": "GL302MM",
    "branchOffice": "Cassino",
    "provider": "Vivarent"
  },
  {
    "licensePlate": "GL308MM",
    "branchOffice": "Cassino",
    "provider": "Vivarent"
  },
  {
    "licensePlate": "GL309MM",
    "branchOffice": "Cassino",
    "provider": "Vivarent"
  },
  {
    "licensePlate": "GL422WT",
    "branchOffice": "Cassino",
    "provider": "Vivarent"
  },
  {
    "licensePlate": "GL424WT",
    "branchOffice": "Cassino",
    "provider": "Vivarent"
  },
  {
    "licensePlate": "GL425WT",
    "branchOffice": "Cassino",
    "provider": "Vivarent"
  },
  {
    "licensePlate": "GL426WT",
    "branchOffice": "Cassino",
    "provider": "Vivarent"
  },
  {
    "licensePlate": "GL427WT",
    "branchOffice": "Cassino",
    "provider": "Vivarent"
  },
  {
    "licensePlate": "GL428WT",
    "branchOffice": "Cassino",
    "provider": "Vivarent"
  },
  {
    "licensePlate": "GL663VN",
    "branchOffice": "Cassino",
    "provider": "Vivarent"
  },
  {
    "licensePlate": "GL664VN",
    "branchOffice": "Cassino",
    "provider": "Vivarent"
  },
  {
    "licensePlate": "GL712VN",
    "branchOffice": "Cassino",
    "provider": "Vivarent"
  },
  {
    "licensePlate": "GM004YF",
    "branchOffice": "Cassino",
    "provider": "Vivarent"
  },
  {
    "licensePlate": "GM191FM",
    "branchOffice": "Cassino",
    "provider": "Vivarent"
  },
  {
    "licensePlate": "GM193FM",
    "branchOffice": "Cassino",
    "provider": "Vivarent"
  },
  {
    "licensePlate": "GM196FM",
    "branchOffice": "Cassino",
    "provider": "Vivarent"
  },
  {
    "licensePlate": "GM484BN",
    "branchOffice": "Cassino",
    "provider": "Vivarent"
  },
  {
    "licensePlate": "GM607BL",
    "branchOffice": "Cassino",
    "provider": "Vivarent"
  },
  {
    "licensePlate": "GM608BL",
    "branchOffice": "Cassino",
    "provider": "Vivarent"
  },
  {
    "licensePlate": "GM609BL",
    "branchOffice": "Cassino",
    "provider": "Vivarent"
  },
  {
    "licensePlate": "GM640NK",
    "branchOffice": "Cassino",
    "provider": "Vivarent"
  },
  {
    "licensePlate": "GM687JH",
    "branchOffice": "Cassino",
    "provider": "Vivarent"
  },
  {
    "licensePlate": "GM688BL",
    "branchOffice": "Cassino",
    "provider": "Vivarent"
  },
  {
    "licensePlate": "GM688JH",
    "branchOffice": "Cassino",
    "provider": "Vivarent"
  },
  {
    "licensePlate": "GM690JH",
    "branchOffice": "Cassino",
    "provider": "Vivarent"
  },
  {
    "licensePlate": "GM694JH",
    "branchOffice": "Cassino",
    "provider": "Vivarent"
  },
  {
    "licensePlate": "GM709DA",
    "branchOffice": "Cassino",
    "provider": "Vivarent"
  },
  {
    "licensePlate": "GM732FL",
    "branchOffice": "Cassino",
    "provider": "Vivarent"
  },
  {
    "licensePlate": "GM733FL",
    "branchOffice": "Cassino",
    "provider": "Vivarent"
  },
  {
    "licensePlate": "GM816YE",
    "branchOffice": "Cassino",
    "provider": "Vivarent"
  },
  {
    "licensePlate": "GM817YE",
    "branchOffice": "Cassino",
    "provider": "Vivarent"
  },
  {
    "licensePlate": "GM818YE",
    "branchOffice": "Cassino",
    "provider": "Vivarent"
  },
  {
    "licensePlate": "GM819YE",
    "branchOffice": "Cassino",
    "provider": "Vivarent"
  },
  {
    "licensePlate": "GM820ER",
    "branchOffice": "Cassino",
    "provider": "Davide Papa - Eco Liri"
  },
  {
    "licensePlate": "GM820YE",
    "branchOffice": "Cassino",
    "provider": "Vivarent"
  },
  {
    "licensePlate": "GM821YE",
    "branchOffice": "Cassino",
    "provider": "Vivarent"
  },
  {
    "licensePlate": "GM822YE",
    "branchOffice": "Cassino",
    "provider": "Vivarent"
  },
  {
    "licensePlate": "GM823YE",
    "branchOffice": "Cassino",
    "provider": "Vivarent"
  },
  {
    "licensePlate": "GM824YE",
    "branchOffice": "Cassino",
    "provider": "Vivarent"
  },
  {
    "licensePlate": "GM825YE",
    "branchOffice": "Cassino",
    "provider": "Vivarent"
  },
  {
    "licensePlate": "GM826YE",
    "branchOffice": "Cassino",
    "provider": "Vivarent"
  },
  {
    "licensePlate": "GM827YE",
    "branchOffice": "Cassino",
    "provider": "Vivarent"
  },
  {
    "licensePlate": "GM830YE",
    "branchOffice": "Cassino",
    "provider": "Vivarent"
  },
  {
    "licensePlate": "GM831YE",
    "branchOffice": "Cassino",
    "provider": "Vivarent"
  },
  {
    "licensePlate": "GM832YE",
    "branchOffice": "Cassino",
    "provider": "Vivarent"
  },
  {
    "licensePlate": "GM853VA",
    "branchOffice": "Cassino",
    "provider": "Vivarent"
  },
  {
    "licensePlate": "GM854VA",
    "branchOffice": "Cassino",
    "provider": "Vivarent"
  },
  {
    "licensePlate": "GM855VA",
    "branchOffice": "Cassino",
    "provider": "Vivarent"
  },
  {
    "licensePlate": "GM856VA",
    "branchOffice": "Cassino",
    "provider": "Vivarent"
  },
  {
    "licensePlate": "GM867VA",
    "branchOffice": "Cassino",
    "provider": "Vivarent"
  },
  {
    "licensePlate": "GM868VA",
    "branchOffice": "Cassino",
    "provider": "Vivarent"
  },
  {
    "licensePlate": "GM874VA",
    "branchOffice": "Cassino",
    "provider": "Vivarent"
  },
  {
    "licensePlate": "GM878VA",
    "branchOffice": "Cassino",
    "provider": "Vivarent"
  },
  {
    "licensePlate": "GN027SE",
    "branchOffice": "Cassino",
    "provider": "Vivarent"
  },
  {
    "licensePlate": "GN033SE",
    "branchOffice": "Cassino",
    "provider": "Vivarent"
  },
  {
    "licensePlate": "GN057SL",
    "branchOffice": "Cassino",
    "provider": "Vivarent"
  },
  {
    "licensePlate": "GN096SE",
    "branchOffice": "Cassino",
    "provider": "Vivarent"
  },
  {
    "licensePlate": "GN098SE",
    "branchOffice": "Cassino",
    "provider": "Vivarent"
  },
  {
    "licensePlate": "GN099SE",
    "branchOffice": "Cassino",
    "provider": "Vivarent"
  },
  {
    "licensePlate": "GN175MS",
    "branchOffice": "Cassino",
    "provider": "Vivarent"
  },
  {
    "licensePlate": "GN176MS",
    "branchOffice": "Cassino",
    "provider": "Vivarent"
  },
  {
    "licensePlate": "GN177MS",
    "branchOffice": "Cassino",
    "provider": "Vivarent"
  },
  {
    "licensePlate": "GN197MS",
    "branchOffice": "Cassino",
    "provider": "Davide Papa - Eco Liri"
  },
  {
    "licensePlate": "GN223KZ",
    "branchOffice": "Cassino",
    "provider": "Vivarent"
  },
  {
    "licensePlate": "GN245MT",
    "branchOffice": "Cassino",
    "provider": "Vivarent"
  },
  {
    "licensePlate": "GN248MT",
    "branchOffice": "Cassino",
    "provider": "Vivarent"
  },
  {
    "licensePlate": "GN249MT",
    "branchOffice": "Cassino",
    "provider": "Vivarent"
  },
  {
    "licensePlate": "GN251MT",
    "branchOffice": "Cassino",
    "provider": "Vivarent"
  },
  {
    "licensePlate": "GN252MT",
    "branchOffice": "Cassino",
    "provider": "Vivarent"
  },
  {
    "licensePlate": "GN274WP",
    "branchOffice": "Cassino",
    "provider": "Vivarent"
  },
  {
    "licensePlate": "GN398ZZ",
    "branchOffice": "Cassino",
    "provider": "Vivarent"
  },
  {
    "licensePlate": "GN404LW",
    "branchOffice": "Cassino",
    "provider": "Vivarent"
  },
  {
    "licensePlate": "GN424YL",
    "branchOffice": "Cassino",
    "provider": "Davide Papa - Eco Liri"
  },
  {
    "licensePlate": "GN442HE",
    "branchOffice": "Cassino",
    "provider": "Vivarent"
  },
  {
    "licensePlate": "GN447HE",
    "branchOffice": "Cassino",
    "provider": "Vivarent"
  },
  {
    "licensePlate": "GN483CB",
    "branchOffice": "Cassino",
    "provider": "Vivarent"
  },
  {
    "licensePlate": "GN497WM",
    "branchOffice": "Cassino",
    "provider": "Vivarent"
  },
  {
    "licensePlate": "GN498WM",
    "branchOffice": "Cassino",
    "provider": "Vivarent"
  },
  {
    "licensePlate": "GN499WM",
    "branchOffice": "Cassino",
    "provider": "Vivarent"
  },
  {
    "licensePlate": "GN500WM",
    "branchOffice": "Cassino",
    "provider": "Vivarent"
  },
  {
    "licensePlate": "GN505SH",
    "branchOffice": "Cassino",
    "provider": "Vivarent"
  },
  {
    "licensePlate": "GN573MS",
    "branchOffice": "Cassino",
    "provider": "Davide Papa - Eco Liri"
  },
  {
    "licensePlate": "GN605GX",
    "branchOffice": "Cassino",
    "provider": "Vivarent"
  },
  {
    "licensePlate": "GN612MS",
    "branchOffice": "Cassino",
    "provider": "Vivarent"
  },
  {
    "licensePlate": "GN613MS",
    "branchOffice": "Cassino",
    "provider": "Vivarent"
  },
  {
    "licensePlate": "GN639GX",
    "branchOffice": "Cassino",
    "provider": "Vivarent"
  },
  {
    "licensePlate": "GN640EJ",
    "branchOffice": "Cassino",
    "provider": "Vivarent"
  },
  {
    "licensePlate": "GN646WM",
    "branchOffice": "Cassino",
    "provider": "Vivarent"
  },
  {
    "licensePlate": "GN710GT",
    "branchOffice": "Cassino",
    "provider": "Vivarent"
  },
  {
    "licensePlate": "GN715GT",
    "branchOffice": "Cassino",
    "provider": "Vivarent"
  },
  {
    "licensePlate": "GN732ZZ",
    "branchOffice": "Cassino",
    "provider": "Vivarent"
  },
  {
    "licensePlate": "GN772SM",
    "branchOffice": "Cassino",
    "provider": "Vivarent"
  },
  {
    "licensePlate": "GN775SM",
    "branchOffice": "Cassino",
    "provider": "Vivarent"
  },
  {
    "licensePlate": "GN777SM",
    "branchOffice": "Cassino",
    "provider": "Vivarent"
  },
  {
    "licensePlate": "GN799SR",
    "branchOffice": "Cassino",
    "provider": "Vivarent"
  },
  {
    "licensePlate": "GN834JD",
    "branchOffice": "Cassino",
    "provider": "Vivarent"
  },
  {
    "licensePlate": "GN835JD",
    "branchOffice": "Cassino",
    "provider": "Vivarent"
  },
  {
    "licensePlate": "GN837JD",
    "branchOffice": "Cassino",
    "provider": "Vivarent"
  },
  {
    "licensePlate": "GN838JD",
    "branchOffice": "Cassino",
    "provider": "Vivarent"
  },
  {
    "licensePlate": "GN902DG",
    "branchOffice": "Cassino",
    "provider": "Vivarent"
  },
  {
    "licensePlate": "GN918SE",
    "branchOffice": "Cassino",
    "provider": "Vivarent"
  },
  {
    "licensePlate": "GN920SE",
    "branchOffice": "Cassino",
    "provider": "Vivarent"
  },
  {
    "licensePlate": "GN925SE",
    "branchOffice": "Cassino",
    "provider": "Vivarent"
  },
  {
    "licensePlate": "GP010HP",
    "branchOffice": "Cassino",
    "provider": "Vivarent"
  },
  {
    "licensePlate": "GP015HP",
    "branchOffice": "Cassino",
    "provider": "Vivarent"
  },
  {
    "licensePlate": "GP017HP",
    "branchOffice": "Cassino",
    "provider": "Vivarent"
  },
  {
    "licensePlate": "GP019HP",
    "branchOffice": "Cassino",
    "provider": "Vivarent"
  },
  {
    "licensePlate": "GP021HP",
    "branchOffice": "Cassino",
    "provider": "Vivarent"
  },
  {
    "licensePlate": "GP026FX",
    "branchOffice": "Cassino",
    "provider": "Vivarent"
  },
  {
    "licensePlate": "GP066FX",
    "branchOffice": "Cassino",
    "provider": "Vivarent"
  },
  {
    "licensePlate": "GP067HP",
    "branchOffice": "Cassino",
    "provider": "Vivarent"
  },
  {
    "licensePlate": "GP075FX",
    "branchOffice": "Cassino",
    "provider": "Vivarent"
  },
  {
    "licensePlate": "GP095AY",
    "branchOffice": "Cassino",
    "provider": "Vivarent"
  },
  {
    "licensePlate": "GP210RB",
    "branchOffice": "Cassino",
    "provider": "Vivarent"
  },
  {
    "licensePlate": "GP211RB",
    "branchOffice": "Cassino",
    "provider": "Vivarent"
  },
  {
    "licensePlate": "GP212RB",
    "branchOffice": "Cassino",
    "provider": "Vivarent"
  },
  {
    "licensePlate": "GP213RB",
    "branchOffice": "Cassino",
    "provider": "Vivarent"
  },
  {
    "licensePlate": "GP314TC",
    "branchOffice": "Cassino",
    "provider": "Vivarent"
  },
  {
    "licensePlate": "GP389RC",
    "branchOffice": "Cassino",
    "provider": "Vivarent"
  },
  {
    "licensePlate": "GP416RB",
    "branchOffice": "Cassino",
    "provider": "Vivarent"
  },
  {
    "licensePlate": "GP417RB",
    "branchOffice": "Cassino",
    "provider": "Vivarent"
  },
  {
    "licensePlate": "GP418RB",
    "branchOffice": "Cassino",
    "provider": "Vivarent"
  },
  {
    "licensePlate": "GP419RB",
    "branchOffice": "Cassino",
    "provider": "Vivarent"
  },
  {
    "licensePlate": "GP420RB",
    "branchOffice": "Cassino",
    "provider": "Vivarent"
  },
  {
    "licensePlate": "GP421RB",
    "branchOffice": "Cassino",
    "provider": "Vivarent"
  },
  {
    "licensePlate": "GP422RB",
    "branchOffice": "Cassino",
    "provider": "Vivarent"
  },
  {
    "licensePlate": "GP531RC",
    "branchOffice": "Cassino",
    "provider": "Vivarent"
  },
  {
    "licensePlate": "GP532RC",
    "branchOffice": "Cassino",
    "provider": "Vivarent"
  },
  {
    "licensePlate": "GP533RC",
    "branchOffice": "Cassino",
    "provider": "Vivarent"
  },
  {
    "licensePlate": "GP534RC",
    "branchOffice": "Cassino",
    "provider": "Vivarent"
  },
  {
    "licensePlate": "GP535RC",
    "branchOffice": "Cassino",
    "provider": "Vivarent"
  },
  {
    "licensePlate": "GP536RC",
    "branchOffice": "Cassino",
    "provider": "Vivarent"
  },
  {
    "licensePlate": "GP595MR",
    "branchOffice": "Cassino",
    "provider": "Vivarent"
  },
  {
    "licensePlate": "GP604FD",
    "branchOffice": "Cassino",
    "provider": "Vivarent"
  },
  {
    "licensePlate": "GP610MR",
    "branchOffice": "Cassino",
    "provider": "Vivarent"
  },
  {
    "licensePlate": "GP648HR",
    "branchOffice": "Cassino",
    "provider": "Vivarent"
  },
  {
    "licensePlate": "GP649SY",
    "branchOffice": "Cassino",
    "provider": "Vivarent"
  },
  {
    "licensePlate": "GP712FD",
    "branchOffice": "Cassino",
    "provider": "Vivarent"
  },
  {
    "licensePlate": "GP748MG",
    "branchOffice": "Cassino",
    "provider": "Vivarent"
  },
  {
    "licensePlate": "GP752MG",
    "branchOffice": "Cassino",
    "provider": "Vivarent"
  },
  {
    "licensePlate": "GP764BH",
    "branchOffice": "Cassino",
    "provider": "Vivarent"
  },
  {
    "licensePlate": "GP765MG",
    "branchOffice": "Cassino",
    "provider": "Vivarent"
  },
  {
    "licensePlate": "GP771MG",
    "branchOffice": "Cassino",
    "provider": "Vivarent"
  },
  {
    "licensePlate": "GP886KM",
    "branchOffice": "Cassino",
    "provider": "Vivarent"
  },
  {
    "licensePlate": "GP986RB",
    "branchOffice": "Cassino",
    "provider": "Vivarent"
  },
  {
    "licensePlate": "GP987RB",
    "branchOffice": "Cassino",
    "provider": "Vivarent"
  },
  {
    "licensePlate": "GP990RB",
    "branchOffice": "Cassino",
    "provider": "Vivarent"
  },
  {
    "licensePlate": "GR115RX",
    "branchOffice": "Cassino",
    "provider": "Vivarent"
  },
  {
    "licensePlate": "GR117RX",
    "branchOffice": "Cassino",
    "provider": "Vivarent"
  },
  {
    "licensePlate": "GR123RX",
    "branchOffice": "Cassino",
    "provider": "Vivarent"
  },
  {
    "licensePlate": "GR124RX",
    "branchOffice": "Cassino",
    "provider": "Vivarent"
  },
  {
    "licensePlate": "GR326BE",
    "branchOffice": "Cassino",
    "provider": "Vivarent"
  },
  {
    "licensePlate": "GR334RX",
    "branchOffice": "Cassino",
    "provider": "Vivarent"
  },
  {
    "licensePlate": "GR335RX",
    "branchOffice": "Cassino",
    "provider": "Vivarent"
  },
  {
    "licensePlate": "GR339RX",
    "branchOffice": "Cassino",
    "provider": "Vivarent"
  },
  {
    "licensePlate": "GR340RX",
    "branchOffice": "Cassino",
    "provider": "Vivarent"
  },
  {
    "licensePlate": "GR386AD",
    "branchOffice": "Cassino",
    "provider": "Davide Papa - Eco Liri"
  },
  {
    "licensePlate": "GR429PA",
    "branchOffice": "Cassino",
    "provider": "Vivarent"
  },
  {
    "licensePlate": "GR430PA",
    "branchOffice": "Cassino",
    "provider": "Vivarent"
  },
  {
    "licensePlate": "GR490PB",
    "branchOffice": "Cassino",
    "provider": "Davide Papa - Eco Liri"
  },
  {
    "licensePlate": "GR665CT",
    "branchOffice": "Cassino",
    "provider": "Vivarent"
  },
  {
    "licensePlate": "GR698CT",
    "branchOffice": "Cassino",
    "provider": "Vivarent"
  },
  {
    "licensePlate": "GR823CT",
    "branchOffice": "Cassino",
    "provider": "Vivarent"
  },
  {
    "licensePlate": "GR939CT",
    "branchOffice": "Cassino",
    "provider": "Vivarent"
  },
  {
    "licensePlate": "GS011CV",
    "branchOffice": "Cassino",
    "provider": "Vivarent"
  },
  {
    "licensePlate": "GS012DZ",
    "branchOffice": "Cassino",
    "provider": "Vivarent"
  },
  {
    "licensePlate": "GS139DK",
    "branchOffice": "Cassino",
    "provider": "Vivarent"
  },
  {
    "licensePlate": "GS342EA",
    "branchOffice": "Cassino",
    "provider": "Vivarent"
  },
  {
    "licensePlate": "GS600MA",
    "branchOffice": "Cassino",
    "provider": "Vivarent"
  },
  {
    "licensePlate": "GS734LY",
    "branchOffice": "Cassino",
    "provider": "Vivarent"
  },
  {
    "licensePlate": "GT078PS",
    "branchOffice": "Cassino",
    "provider": "Vivarent"
  },
  {
    "licensePlate": "GT129SG",
    "branchOffice": "Cassino",
    "provider": "Vivarent"
  },
  {
    "licensePlate": "GT131SG",
    "branchOffice": "Cassino",
    "provider": "Vivarent"
  },
  {
    "licensePlate": "GT137SG",
    "branchOffice": "Cassino",
    "provider": "Vivarent"
  },
  {
    "licensePlate": "GT143VW",
    "branchOffice": "Cassino",
    "provider": "Davide Papa - Eco Liri"
  },
  {
    "licensePlate": "GT144SG",
    "branchOffice": "Cassino",
    "provider": "Vivarent"
  },
  {
    "licensePlate": "GT144VW",
    "branchOffice": "Cassino",
    "provider": "Davide Papa - Eco Liri"
  },
  {
    "licensePlate": "GT153SG",
    "branchOffice": "Cassino",
    "provider": "Vivarent"
  },
  {
    "licensePlate": "GT160SG",
    "branchOffice": "Cassino",
    "provider": "Vivarent"
  },
  {
    "licensePlate": "GT161SG",
    "branchOffice": "Cassino",
    "provider": "Vivarent"
  },
  {
    "licensePlate": "GT165SG",
    "branchOffice": "Cassino",
    "provider": "Vivarent"
  },
  {
    "licensePlate": "GT171SG",
    "branchOffice": "Cassino",
    "provider": "Vivarent"
  },
  {
    "licensePlate": "GT173SG",
    "branchOffice": "Cassino",
    "provider": "Vivarent"
  },
  {
    "licensePlate": "GT176SG",
    "branchOffice": "Cassino",
    "provider": "Vivarent"
  },
  {
    "licensePlate": "GT180SG",
    "branchOffice": "Cassino",
    "provider": "Vivarent"
  },
  {
    "licensePlate": "GT184SG",
    "branchOffice": "Cassino",
    "provider": "Vivarent"
  },
  {
    "licensePlate": "GT191SG",
    "branchOffice": "Cassino",
    "provider": "Vivarent"
  },
  {
    "licensePlate": "GT195SG",
    "branchOffice": "Cassino",
    "provider": "Vivarent"
  },
  {
    "licensePlate": "GT216PS",
    "branchOffice": "Cassino",
    "provider": "Vivarent"
  },
  {
    "licensePlate": "GT285SG",
    "branchOffice": "Cassino",
    "provider": "Vivarent"
  },
  {
    "licensePlate": "GT287SG",
    "branchOffice": "Cassino",
    "provider": "Vivarent"
  },
  {
    "licensePlate": "GT296SG",
    "branchOffice": "Cassino",
    "provider": "Vivarent"
  },
  {
    "licensePlate": "GT329VX",
    "branchOffice": "Cassino",
    "provider": "Davide Papa - Eco Liri"
  },
  {
    "licensePlate": "GT395PS",
    "branchOffice": "Cassino",
    "provider": "Vivarent"
  },
  {
    "licensePlate": "GT410PS",
    "branchOffice": "Cassino",
    "provider": "Vivarent"
  },
  {
    "licensePlate": "GT672PZ",
    "branchOffice": "Cassino",
    "provider": "Vivarent"
  },
  {
    "licensePlate": "GT681VW",
    "branchOffice": "Cassino",
    "provider": "Davide Papa - Eco Liri"
  },
  {
    "licensePlate": "GT687VW",
    "branchOffice": "Cassino",
    "provider": "Davide Papa - Eco Liri"
  },
  {
    "licensePlate": "GT716ST",
    "branchOffice": "Cassino",
    "provider": "Vivarent"
  },
  {
    "licensePlate": "GT789ST",
    "branchOffice": "Cassino",
    "provider": "Vivarent"
  },
  {
    "licensePlate": "GV032SS",
    "branchOffice": "Cassino",
    "provider": "Vivarent"
  },
  {
    "licensePlate": "GV083FN",
    "branchOffice": "Cassino",
    "provider": "Vivarent"
  },
  {
    "licensePlate": "GV086FN",
    "branchOffice": "Cassino",
    "provider": "Vivarent"
  },
  {
    "licensePlate": "GV091FN",
    "branchOffice": "Cassino",
    "provider": "Vivarent"
  },
  {
    "licensePlate": "GV239AK",
    "branchOffice": "Cassino",
    "provider": "Vivarent"
  },
  {
    "licensePlate": "GV242AK",
    "branchOffice": "Cassino",
    "provider": "Vivarent"
  },
  {
    "licensePlate": "GV250AK",
    "branchOffice": "Cassino",
    "provider": "Vivarent"
  },
  {
    "licensePlate": "GV710SP",
    "branchOffice": "Cassino",
    "provider": "Vivarent"
  },
  {
    "licensePlate": "GV775SP",
    "branchOffice": "Cassino",
    "provider": "Vivarent"
  },
  {
    "licensePlate": "GV784TA",
    "branchOffice": "Cassino",
    "provider": "Vivarent"
  },
  {
    "licensePlate": "GV825GS",
    "branchOffice": "Cassino",
    "provider": "Davide Papa - Eco Liri"
  },
  {
    "licensePlate": "GV940KP",
    "branchOffice": "Cassino",
    "provider": "Vivarent"
  },
  {
    "licensePlate": "GV941KP",
    "branchOffice": "Cassino",
    "provider": "Vivarent"
  },
  {
    "licensePlate": "GV952KP",
    "branchOffice": "Cassino",
    "provider": "Vivarent"
  },
  {
    "licensePlate": "GV975KP",
    "branchOffice": "Cassino",
    "provider": "Vivarent"
  },
  {
    "licensePlate": "GV977KP",
    "branchOffice": "Cassino",
    "provider": "Vivarent"
  },
  {
    "licensePlate": "GW444YG",
    "branchOffice": "Cassino",
    "provider": "Vivarent"
  },
  {
    "licensePlate": "GW467EY",
    "branchOffice": "Cassino",
    "provider": "Davide Papa - Eco Liri"
  },
  {
    "licensePlate": "GW684HY",
    "branchOffice": "Cassino",
    "provider": "Vivarent"
  },
  {
    "licensePlate": "GW688HY",
    "branchOffice": "Cassino",
    "provider": "Vivarent"
  },
  {
    "licensePlate": "GW689HY",
    "branchOffice": "Cassino",
    "provider": "Vivarent"
  },
  {
    "licensePlate": "GW697HY",
    "branchOffice": "Cassino",
    "provider": "Vivarent"
  },
  {
    "licensePlate": "GW752HY",
    "branchOffice": "Cassino",
    "provider": "Vivarent"
  },
  {
    "licensePlate": "GW753HZ",
    "branchOffice": "Cassino",
    "provider": "Vivarent"
  },
  {
    "licensePlate": "GW891YG",
    "branchOffice": "Cassino",
    "provider": "Vivarent"
  },
  {
    "licensePlate": "GW903YG",
    "branchOffice": "Cassino",
    "provider": "Vivarent"
  },
  {
    "licensePlate": "GW907YG",
    "branchOffice": "Cassino",
    "provider": "Vivarent"
  },
  {
    "licensePlate": "GW947YG",
    "branchOffice": "Cassino",
    "provider": "Vivarent"
  },
  {
    "licensePlate": "GW952YG",
    "branchOffice": "Cassino",
    "provider": "Vivarent"
  },
  {
    "licensePlate": "GW966FB",
    "branchOffice": "Cassino",
    "provider": "Davide Papa - Eco Liri"
  },
  {
    "licensePlate": "GX000CH",
    "branchOffice": "Cassino",
    "provider": "Vivarent"
  },
  {
    "licensePlate": "GX111CH",
    "branchOffice": "Cassino",
    "provider": "Vivarent"
  },
  {
    "licensePlate": "GX204HJ",
    "branchOffice": "Cassino",
    "provider": "Vivarent"
  },
  {
    "licensePlate": "GX262CH",
    "branchOffice": "Cassino",
    "provider": "Vivarent"
  },
  {
    "licensePlate": "GX266CH",
    "branchOffice": "Cassino",
    "provider": "Vivarent"
  },
  {
    "licensePlate": "GX272CH",
    "branchOffice": "Cassino",
    "provider": "Vivarent"
  },
  {
    "licensePlate": "GX275CH",
    "branchOffice": "Cassino",
    "provider": "Vivarent"
  },
  {
    "licensePlate": "GX280CH",
    "branchOffice": "Cassino",
    "provider": "Vivarent"
  },
  {
    "licensePlate": "GX283CH",
    "branchOffice": "Cassino",
    "provider": "Vivarent"
  },
  {
    "licensePlate": "GX302BV",
    "branchOffice": "Cassino",
    "provider": "Davide Papa - Eco Liri"
  },
  {
    "licensePlate": "GX323CH",
    "branchOffice": "Cassino",
    "provider": "Vivarent"
  },
  {
    "licensePlate": "GX399BV",
    "branchOffice": "Cassino",
    "provider": "Davide Papa - Eco Liri"
  },
  {
    "licensePlate": "GX648BX",
    "branchOffice": "Cassino",
    "provider": "Davide Papa - Eco Liri"
  },
  {
    "licensePlate": "GX709KK",
    "branchOffice": "Cassino",
    "provider": "Vivarent"
  },
  {
    "licensePlate": "GX947BW",
    "branchOffice": "Cassino",
    "provider": "Davide Papa - Eco Liri"
  },
  {
    "licensePlate": "GY056TX",
    "branchOffice": "Cassino",
    "provider": "Davide Papa - Eco Liri"
  },
  {
    "licensePlate": "GY134NL",
    "branchOffice": "Cassino",
    "provider": "Vivarent"
  },
  {
    "licensePlate": "GY834HY",
    "branchOffice": "Cassino",
    "provider": "Vivarent"
  },
  {
    "licensePlate": "GZ029MH",
    "branchOffice": "Cassino",
    "provider": "Enilive"
  },
  {
    "licensePlate": "GZ998MG",
    "branchOffice": "Cassino",
    "provider": "Enilive"
  },
  {
    "licensePlate": "HA218LR",
    "branchOffice": "Cassino",
    "provider": "Vivarent"
  },
  {
    "licensePlate": "HA235PW",
    "branchOffice": "Cassino",
    "provider": "Vivarent"
  },
  {
    "licensePlate": "HA241JJ",
    "branchOffice": "Cassino",
    "provider": "Enilive"
  },
  {
    "licensePlate": "HA248JJ",
    "branchOffice": "Cassino",
    "provider": "Enilive"
  },
  {
    "licensePlate": "HA437FT",
    "branchOffice": "Cassino",
    "provider": "Enilive"
  },
  {
    "licensePlate": "HA445FT",
    "branchOffice": "Cassino",
    "provider": "Enilive"
  },
  {
    "licensePlate": "HA448FT",
    "branchOffice": "Cassino",
    "provider": "Enilive"
  },
  {
    "licensePlate": "HA456FT",
    "branchOffice": "Cassino",
    "provider": "Enilive"
  },
  {
    "licensePlate": "HA496FT",
    "branchOffice": "Cassino",
    "provider": "Enilive"
  },
  {
    "licensePlate": "HA514FT",
    "branchOffice": "Cassino",
    "provider": "Enilive"
  },
  {
    "licensePlate": "HA517FT",
    "branchOffice": "Cassino",
    "provider": "Enilive"
  },
  {
    "licensePlate": "HA550FT",
    "branchOffice": "Cassino",
    "provider": "Enilive"
  },
  {
    "licensePlate": "HA551FT",
    "branchOffice": "Cassino",
    "provider": "Enilive"
  },
  {
    "licensePlate": "HA564FT",
    "branchOffice": "Cassino",
    "provider": "Enilive"
  },
  {
    "licensePlate": "HA570FT",
    "branchOffice": "Cassino",
    "provider": "Enilive"
  },
  {
    "licensePlate": "HA577FT",
    "branchOffice": "Cassino",
    "provider": "Enilive"
  },
  {
    "licensePlate": "HA581FT",
    "branchOffice": "Cassino",
    "provider": "Enilive"
  },
  {
    "licensePlate": "HA586FT",
    "branchOffice": "Cassino",
    "provider": "Enilive"
  },
  {
    "licensePlate": "HA587FT",
    "branchOffice": "Cassino",
    "provider": "Enilive"
  },
  {
    "licensePlate": "HA589FT",
    "branchOffice": "Cassino",
    "provider": "Enilive"
  },
  {
    "licensePlate": "HA597FT",
    "branchOffice": "Cassino",
    "provider": "Enilive"
  },
  {
    "licensePlate": "HA718VY",
    "branchOffice": "Cassino",
    "provider": "Enilive"
  },
  {
    "licensePlate": "HA719VY",
    "branchOffice": "Cassino",
    "provider": "Enilive"
  },
  {
    "licensePlate": "HA721VY",
    "branchOffice": "Cassino",
    "provider": "Enilive"
  },
  {
    "licensePlate": "HA726VY",
    "branchOffice": "Cassino",
    "provider": "Enilive"
  },
  {
    "licensePlate": "HA731VY",
    "branchOffice": "Cassino",
    "provider": "Enilive"
  },
  {
    "licensePlate": "HA735VY",
    "branchOffice": "Cassino",
    "provider": "Enilive"
  },
  {
    "licensePlate": "HA738VY",
    "branchOffice": "Cassino",
    "provider": "Enilive"
  },
  {
    "licensePlate": "HA753VY",
    "branchOffice": "Cassino",
    "provider": "Enilive"
  },
  {
    "licensePlate": "HA759VY",
    "branchOffice": "Cassino",
    "provider": "Enilive"
  },
  {
    "licensePlate": "HA764VY",
    "branchOffice": "Cassino",
    "provider": "Enilive"
  },
  {
    "licensePlate": "HA766VY",
    "branchOffice": "Cassino",
    "provider": "Enilive"
  },
  {
    "licensePlate": "HA778VY",
    "branchOffice": "Cassino",
    "provider": "Enilive"
  },
  {
    "licensePlate": "HA790VY",
    "branchOffice": "Cassino",
    "provider": "Enilive"
  },
  {
    "licensePlate": "HA791VY",
    "branchOffice": "Cassino",
    "provider": "Enilive"
  },
  {
    "licensePlate": "HA800VY",
    "branchOffice": "Cassino",
    "provider": "Enilive"
  },
  {
    "licensePlate": "HA891SZ",
    "branchOffice": "Cassino",
    "provider": "Vivarent"
  },
  {
    "licensePlate": "HA892JN",
    "branchOffice": "Cassino",
    "provider": "Vivarent"
  },
  {
    "licensePlate": "HA894JN",
    "branchOffice": "Cassino",
    "provider": "Vivarent"
  },
  {
    "licensePlate": "HA895JN",
    "branchOffice": "Cassino",
    "provider": "Vivarent"
  },
  {
    "licensePlate": "HA896JN",
    "branchOffice": "Cassino",
    "provider": "Vivarent"
  },
  {
    "licensePlate": "HA897JN",
    "branchOffice": "Cassino",
    "provider": "Vivarent"
  },
  {
    "licensePlate": "HA898JN",
    "branchOffice": "Cassino",
    "provider": "Vivarent"
  },
  {
    "licensePlate": "HA899JN",
    "branchOffice": "Cassino",
    "provider": "Vivarent"
  },
  {
    "licensePlate": "HA900JN",
    "branchOffice": "Cassino",
    "provider": "Vivarent"
  },
  {
    "licensePlate": "HA905FS",
    "branchOffice": "Cassino",
    "provider": "Enilive"
  },
  {
    "licensePlate": "HA908FS",
    "branchOffice": "Cassino",
    "provider": "Enilive"
  },
  {
    "licensePlate": "HA910JN",
    "branchOffice": "Cassino",
    "provider": "Vivarent"
  },
  {
    "licensePlate": "HA911JN",
    "branchOffice": "Cassino",
    "provider": "Vivarent"
  },
  {
    "licensePlate": "HA914FS",
    "branchOffice": "Cassino",
    "provider": "Enilive"
  },
  {
    "licensePlate": "HA918FS",
    "branchOffice": "Cassino",
    "provider": "Enilive"
  },
  {
    "licensePlate": "HA924FS",
    "branchOffice": "Cassino",
    "provider": "Enilive"
  },
  {
    "licensePlate": "HA926FS",
    "branchOffice": "Cassino",
    "provider": "Enilive"
  },
  {
    "licensePlate": "HA928FS",
    "branchOffice": "Cassino",
    "provider": "Enilive"
  },
  {
    "licensePlate": "HA931FS",
    "branchOffice": "Cassino",
    "provider": "Enilive"
  },
  {
    "licensePlate": "HA932FS",
    "branchOffice": "Cassino",
    "provider": "Enilive"
  },
  {
    "licensePlate": "HA933FS",
    "branchOffice": "Cassino",
    "provider": "Enilive"
  },
  {
    "licensePlate": "HA934FS",
    "branchOffice": "Cassino",
    "provider": "Enilive"
  },
  {
    "licensePlate": "HA939FS",
    "branchOffice": "Cassino",
    "provider": "Enilive"
  },
  {
    "licensePlate": "HA945FS",
    "branchOffice": "Cassino",
    "provider": "Enilive"
  },
  {
    "licensePlate": "GN247MT",
    "branchOffice": "Cassino",
    "provider": "Vivarent"
  },
  {
    "licensePlate": "YARIS-14-1",
    "branchOffice": "Cassino",
    "provider": "Vivarent"
  },
  {
    "licensePlate": "YARIS-14-2",
    "branchOffice": "Cassino",
    "provider": "Vivarent"
  }
]