[
  {
    "bookingId": 22975,
    "incidentDate": "2026-01-04",
    "creationDate": "2026-01-04",
    "car": "HA916FS",
    "incidentType": "Carrozzeria",
    "status": "Completed",
    "totalPrice": 115.0,
    "createdBy": "Martina"
  },
  {
    "bookingId": 22943,
    "incidentDate": "2026-01-03",
    "creationDate": "2026-01-03",
    "car": "GX648BX",
    "incidentType": "Carrozzeria",
    "status": "New",
    "totalPrice": 150.0,
    "createdBy": "Pier"
  },
  {
    "bookingId": 22703,
    "incidentDate": "2026-01-03",
    "creationDate": "2026-01-03",
    "car": "HA788VY",
    "incidentType": "Fanaleria",
    "status": "Completed",
    "totalPrice": 120.0,
    "createdBy": "Martina"
  },
  {
    "bookingId": 22080,
    "incidentDate": "2026-01-02",
    "creationDate": "2026-01-03",
    "car": "GV796GS",
    "incidentType": "Carrozzeria",
    "status": "Completed",
    "totalPrice": 255.0,
    "createdBy": "Giuseppe"
  },
  {
    "bookingId": 22702,
    "incidentDate": "2026-12-31",
    "creationDate": "2026-01-02",
    "car": "HA696VY",
    "incidentType": "Carrozzeria",
    "status": "Completed",
    "totalPrice": 375.0,
    "createdBy": "Giuseppe"
  },
  {
    "bookingId": 22444,
    "incidentDate": "2026-01-02",
    "creationDate": "2026-01-02",
    "car": "GS342EA",
    "incidentType": "Carrozzeria",
    "status": "In progress",
    "totalPrice": 0.0,
    "createdBy": "Lavinia"
  },
  {
    "bookingId": 22444,
    "incidentDate": "2026-01-01",
    "creationDate": "2026-01-02",
    "car": "GS342EA",
    "incidentType": "Carrozzeria",
    "status": "Completed",
    "totalPrice": 819.67,
    "createdBy": "l.cappucci"
  },
  {
    "bookingId": 22035,
    "incidentDate": "2026-01-01",
    "creationDate": "2026-01-02",
    "car": "HA751VY",
    "incidentType": "Carrozzeria",
    "status": "Completed",
    "totalPrice": 819.67,
    "createdBy": "Giorgia"
  },
  {
    "bookingId": 22652,
    "incidentDate": "2026-01-02",
    "creationDate": "2026-01-02",
    "car": "HA916FS",
    "incidentType": "Carrozzeria",
    "status": "Completed",
    "totalPrice": 105.0,
    "createdBy": "Martina"
  },
  {
    "bookingId": 22573,
    "incidentDate": "2026-01-01",
    "creationDate": "2026-01-01",
    "car": "HA911FS",
    "incidentType": "Carrozzeria",
    "status": "Completed",
    "totalPrice": 190.0,
    "createdBy": "Giorgia"
  },
  {
    "bookingId": 22551,
    "incidentDate": "2026-01-01",
    "creationDate": "2026-01-01",
    "car": "HA565FT",
    "incidentType": "Carrozzeria",
    "status": "Completed",
    "totalPrice": 152.5,
    "createdBy": "Chiara"
  },
  {
    "bookingId": 22777,
    "incidentDate": "2025-12-31",
    "creationDate": "2025-12-31",
    "car": "HA898JN",
    "incidentType": "Carrozzeria",
    "status": "New",
    "totalPrice": 819.67,
    "createdBy": "Lavinia"
  },
  {
    "bookingId": 22559,
    "incidentDate": "2025-12-30",
    "creationDate": "2025-12-30",
    "car": "HA492FT",
    "incidentType": "Carrozzeria",
    "status": "Completed",
    "totalPrice": 160.0,
    "createdBy": "Martina"
  },
  {
    "bookingId": 22528,
    "incidentDate": "2025-12-25",
    "creationDate": "2025-12-29",
    "car": "HA556FT",
    "incidentType": "Carrozzeria",
    "status": "Completed",
    "totalPrice": 125.0,
    "createdBy": "Giorgia"
  },
  {
    "bookingId": 21346,
    "incidentDate": "2025-12-27",
    "creationDate": "2025-12-29",
    "car": "HA455FT",
    "incidentType": "Carrozzeria",
    "status": "New",
    "totalPrice": 409.83,
    "createdBy": "Lavinia"
  },
  {
    "bookingId": 22609,
    "incidentDate": "2025-12-29",
    "creationDate": "2025-12-29",
    "car": "HA507FS",
    "incidentType": "Carrozzeria",
    "status": "Completed",
    "totalPrice": 0.0,
    "createdBy": "Martina"
  },
  {
    "bookingId": 21060,
    "incidentDate": "2025-12-27",
    "creationDate": "2025-12-28",
    "car": "GN796WN",
    "incidentType": "Guasto",
    "status": "Completed",
    "totalPrice": 395.0,
    "createdBy": "Fadi"
  },
  {
    "bookingId": 22141,
    "incidentDate": "2025-12-25",
    "creationDate": "2025-12-26",
    "car": "HA544FT",
    "incidentType": "Carrozzeria",
    "status": "Completed",
    "totalPrice": 390.0,
    "createdBy": "Giuseppe"
  },
  {
    "bookingId": 22398,
    "incidentDate": "2025-12-26",
    "creationDate": "2025-12-26",
    "car": "HA269JJ",
    "incidentType": "Carrozzeria",
    "status": "Completed",
    "totalPrice": 0.0,
    "createdBy": "Giusy"
  },
  {
    "bookingId": 21775,
    "incidentDate": "2025-12-21",
    "creationDate": "2025-12-21",
    "car": "GV249AK",
    "incidentType": "Carrozzeria",
    "status": "Completed",
    "totalPrice": 310.0,
    "createdBy": "Giorgia"
  },
  {
    "bookingId": 21338,
    "incidentDate": "2025-12-19",
    "creationDate": "2025-12-19",
    "car": "GK977MF",
    "incidentType": "Carrozzeria",
    "status": "Completed",
    "totalPrice": 260.0,
    "createdBy": "Giuseppe"
  },
  {
    "bookingId": 22033,
    "incidentDate": "2025-12-18",
    "creationDate": "2025-12-19",
    "car": "GP473AL",
    "incidentType": "Carrozzeria",
    "status": "Completed",
    "totalPrice": 390.0,
    "createdBy": "Giuseppe"
  },
  {
    "bookingId": 21916,
    "incidentDate": "2025-12-19",
    "creationDate": "2025-12-19",
    "car": "GV229SX",
    "incidentType": "Carrozzeria",
    "status": "Completed",
    "totalPrice": 270.0,
    "createdBy": "Giuseppe"
  },
  {
    "bookingId": 21950,
    "incidentDate": "2025-12-13",
    "creationDate": "2025-12-17",
    "car": "GJ184TK",
    "incidentType": "Fanaleria",
    "status": "Completed",
    "totalPrice": 81.96,
    "createdBy": "Lavinia"
  },
  {
    "bookingId": 21481,
    "incidentDate": "2025-12-05",
    "creationDate": "2025-12-17",
    "car": "HA248JJ",
    "incidentType": "Carrozzeria",
    "status": "Completed",
    "totalPrice": 245.9,
    "createdBy": "Lavinia"
  },
  {
    "bookingId": 21850,
    "incidentDate": "2025-12-10",
    "creationDate": "2025-12-12",
    "car": "GV239AK",
    "incidentType": "Carrozzeria",
    "status": "Completed",
    "totalPrice": 180.0,
    "createdBy": "Maurizio"
  },
  {
    "bookingId": 21785,
    "incidentDate": "2025-12-11",
    "creationDate": "2025-12-11",
    "car": "GT421PS",
    "incidentType": "Vetri",
    "status": "Completed",
    "totalPrice": 0.0,
    "createdBy": "Martina"
  },
  {
    "bookingId": 21785,
    "incidentDate": "2025-12-11",
    "creationDate": "2025-12-11",
    "car": "GT421PS",
    "incidentType": "Vetri",
    "status": "Completed",
    "totalPrice": 0.0,
    "createdBy": "Martina"
  },
  {
    "bookingId": 21496,
    "incidentDate": "2025-12-07",
    "creationDate": "2025-12-07",
    "car": "GN796WN",
    "incidentType": "Carrozzeria",
    "status": "Completed",
    "totalPrice": 229.0,
    "createdBy": "Fadi"
  },
  {
    "bookingId": 13240,
    "incidentDate": "2025-12-05",
    "creationDate": "2025-12-06",
    "car": "GX150CM",
    "incidentType": "Carrozzeria",
    "status": "Completed",
    "totalPrice": 245.0,
    "createdBy": "c.pepe@vivarent.it"
  },
  {
    "bookingId": 21297,
    "incidentDate": "2025-11-29",
    "creationDate": "2025-12-02",
    "car": "GX648BX",
    "incidentType": "Fanaleria",
    "status": "Completed",
    "totalPrice": 245.9,
    "createdBy": "Lavinia"
  },
  {
    "bookingId": 20463,
    "incidentDate": "2025-12-01",
    "creationDate": "2025-12-01",
    "car": "GT836PE",
    "incidentType": "Vetri",
    "status": "Completed",
    "totalPrice": 1215.0,
    "createdBy": "Giusy"
  },
  {
    "bookingId": 20463,
    "incidentDate": "2025-12-01",
    "creationDate": "2025-12-01",
    "car": "GT836PE",
    "incidentType": "Vetri",
    "status": "In progress",
    "totalPrice": 1215.0,
    "createdBy": "Giusy"
  },
  {
    "bookingId": 20730,
    "incidentDate": "2025-12-01",
    "creationDate": "2025-12-01",
    "car": "GS172JF",
    "incidentType": "Vetri",
    "status": "Completed",
    "totalPrice": 1215.0,
    "createdBy": "Giusy"
  },
  {
    "bookingId": null,
    "incidentDate": "2025-12-01",
    "creationDate": "2025-12-01",
    "car": "GS172JF",
    "incidentType": "Vetri",
    "status": "New",
    "totalPrice": 1215.0,
    "createdBy": "Giusy"
  }
]