[
  {
    "id": 3.0,
    "Nickname": "EDMR",
    "car": "GP764BH",
    "Model": "Y or similar",
    "Category": "Small (group B)",
    "branchOffice": "Cassino",
    "type": "Tagliando Ordinario",
    "pickupDate": "2024-12-01",
    "dropoffDate": "2026-01-31",
    "provider": "nan",
    "price": 0.0,
    "status": "In Progress",
    "daysElapsed": 404.0,
    "kilometers": 100.0
  },
  {
    "id": 248.0,
    "Nickname": "K2",
    "car": "GF969TB",
    "Model": "Delivery E9 L2H2",
    "Category": "Furgone L2H2 (group K2)",
    "branchOffice": "Cassino",
    "type": "Tagliando Straordinario",
    "pickupDate": "2025-05-30",
    "dropoffDate": "2026-01-31",
    "provider": "Ecoliri Spa Ecoliri Spa",
    "price": 0.0,
    "status": "In Progress",
    "daysElapsed": 224.0,
    "kilometers": 50000.0
  },
  {
    "id": 387.0,
    "Nickname": "EDMR",
    "car": "GN033SE",
    "Model": "Y or similar",
    "Category": "Small (group B)",
    "branchOffice": "Cassino",
    "type": "Tagliando Straordinario",
    "pickupDate": "2025-05-24",
    "dropoffDate": "2026-01-31",
    "provider": "nan",
    "price": 0.0,
    "status": "In Progress",
    "daysElapsed": 230.0,
    "kilometers": 23000.0
  },
  {
    "id": 390.0,
    "Nickname": "SDAR",
    "car": "GV247AK",
    "Model": "Taigo",
    "Category": "Large Automatic (group D1)",
    "branchOffice": "Brindisi",
    "type": "Carrozzeria",
    "pickupDate": "2025-05-25",
    "dropoffDate": "2026-01-31",
    "provider": "Autocarrozzeria Bruno Antonio Enrico",
    "price": 0.0,
    "status": "In Progress",
    "daysElapsed": 229.0,
    "kilometers": 2066.0
  },
  {
    "id": 734.0,
    "Nickname": "K1",
    "car": "GL427WT",
    "Model": "Boxer L1H1",
    "Category": "Furgone L1H1 (group K1)",
    "branchOffice": "Cassino",
    "type": "Tagliando Straordinario",
    "pickupDate": "2025-08-11",
    "dropoffDate": "2026-01-31",
    "provider": "Automillenio Tiseo",
    "price": 0.0,
    "status": "In Progress",
    "daysElapsed": 151.0,
    "kilometers": 136194.0
  },
  {
    "id": 869.0,
    "Nickname": "K1",
    "car": "GL428WT",
    "Model": "Boxer L1H1",
    "Category": "Furgone L1H1 (group K1)",
    "branchOffice": "Cassino",
    "type": "Tagliando Ordinario",
    "pickupDate": "2025-09-10",
    "dropoffDate": "2026-01-31",
    "provider": "nan",
    "price": 0.0,
    "status": "In Progress",
    "daysElapsed": 121.0,
    "kilometers": 154844.0
  },
  {
    "id": 1087.0,
    "Nickname": "MDMR",
    "car": "GJ265LD",
    "Model": "Panda ",
    "Category": "Small (group B)",
    "branchOffice": "Trapani Aeroporto",
    "type": "Rifornimento",
    "pickupDate": "2025-10-20",
    "dropoffDate": "2025-10-28",
    "provider": "nan",
    "price": 0.0,
    "status": "In Progress",
    "daysElapsed": 81.0,
    "kilometers": 53302.0
  },
  {
    "id": 1099.0,
    "Nickname": "PEAR",
    "car": "GT687VW",
    "Model": "4",
    "Category": "Premium (group P)",
    "branchOffice": "Cassino",
    "type": "Carrozzeria",
    "pickupDate": "2025-10-22",
    "dropoffDate": "2026-01-31",
    "provider": "Officina Eco Liri",
    "price": 0.0,
    "status": "In Progress",
    "daysElapsed": 79.0,
    "kilometers": 10988.0
  },
  {
    "id": 1151.0,
    "Nickname": "IDAR",
    "car": "GS031FE",
    "Model": "T-Roc",
    "Category": "Large Automatic (group D1)",
    "branchOffice": "Brindisi",
    "type": "Carrozzeria",
    "pickupDate": "2025-11-09",
    "dropoffDate": "2026-01-31",
    "provider": "nan",
    "price": 0.0,
    "status": "In Progress",
    "daysElapsed": 61.0,
    "kilometers": 8918.0
  },
  {
    "id": 1153.0,
    "Nickname": "FFAR",
    "car": "GN400EY",
    "Model": "3008 or similar",
    "Category": "Suv Automatic (group J1)",
    "branchOffice": "Roma Fiumicino",
    "type": "Tagliando Straordinario",
    "pickupDate": "2025-11-10",
    "dropoffDate": "2026-01-17",
    "provider": "nan",
    "price": 0.0,
    "status": "In Progress",
    "daysElapsed": 60.0,
    "kilometers": 67752.0
  },
  {
    "id": 1179.0,
    "Nickname": "OVMR",
    "car": "GR979BD",
    "Model": "Traffic or similar",
    "Category": "Van 9 Seats (group M)",
    "branchOffice": "Brindisi",
    "type": "Carrozzeria",
    "pickupDate": "2025-12-10",
    "dropoffDate": "2026-01-31",
    "provider": "Lanza Repair Center",
    "price": 0.0,
    "status": "In Progress",
    "daysElapsed": 30.0,
    "kilometers": 100136.0
  },
  {
    "id": 1228.0,
    "Nickname": "CDAR",
    "car": "GR490PB",
    "Model": "Golf Automatic or similar",
    "Category": "Large Automatic (group D1)",
    "branchOffice": "Cassino",
    "type": "Tagliando Ordinario",
    "pickupDate": "2025-12-03",
    "dropoffDate": "2026-01-15",
    "provider": "Ecoliri Spa Ecoliri Spa",
    "price": 0.0,
    "status": "In Progress",
    "daysElapsed": 37.0,
    "kilometers": 11214.0
  },
  {
    "id": 1241.0,
    "Nickname": "XKMR",
    "car": "HA896JN",
    "Model": "Deliver9 L3H2",
    "Category": "Furgone L3H2 (group K3)",
    "branchOffice": "Cassino",
    "type": "Tagliando Ordinario",
    "pickupDate": "2025-12-12",
    "dropoffDate": "2026-01-23",
    "provider": "Officina Eco Liri",
    "price": 0.0,
    "status": "In Progress",
    "daysElapsed": 28.0,
    "kilometers": 5800.0
  },
  {
    "id": 1258.0,
    "Nickname": "MDMR",
    "car": "GH616VL",
    "Model": "Panda ",
    "Category": "Small (group B)",
    "branchOffice": "Trapani Aeroporto",
    "type": "Tagliando Straordinario",
    "pickupDate": "2025-12-17",
    "dropoffDate": "2026-01-15",
    "provider": "nan",
    "price": 0.0,
    "status": "In Progress",
    "daysElapsed": 23.0,
    "kilometers": 50142.0
  },
  {
    "id": 1259.0,
    "Nickname": "MDMR",
    "car": "GJ265LD",
    "Model": "Panda ",
    "Category": "Small (group B)",
    "branchOffice": "Trapani Aeroporto",
    "type": "Tagliando Straordinario",
    "pickupDate": "2025-12-17",
    "dropoffDate": "2026-01-15",
    "provider": "nan",
    "price": 0.0,
    "status": "In Progress",
    "daysElapsed": 23.0,
    "kilometers": 53302.0
  },
  {
    "id": 1261.0,
    "Nickname": "MDMR",
    "car": "GJ345LD",
    "Model": "Panda ",
    "Category": "Small (group B)",
    "branchOffice": "Trapani Aeroporto",
    "type": "Tagliando Straordinario",
    "pickupDate": "2025-12-17",
    "dropoffDate": "2026-01-15",
    "provider": "nan",
    "price": 0.0,
    "status": "In Progress",
    "daysElapsed": 23.0,
    "kilometers": 65728.0
  },
  {
    "id": 1279.0,
    "Nickname": "MDMR",
    "car": "GA779CX",
    "Model": "Panda ",
    "Category": "Small (group B)",
    "branchOffice": "Trapani Aeroporto",
    "type": "Tagliando Ordinario",
    "pickupDate": "2025-12-23",
    "dropoffDate": "2026-01-15",
    "provider": "nan",
    "price": 0.0,
    "status": "In Progress",
    "daysElapsed": 17.0,
    "kilometers": 100.0
  },
  {
    "id": 1291.0,
    "Nickname": "MDMR",
    "car": "HA914FS",
    "Model": "Panda ",
    "Category": "Small (group B)",
    "branchOffice": "Cassino",
    "type": "Tagliando Ordinario",
    "pickupDate": "2025-12-24",
    "dropoffDate": "2026-01-13",
    "provider": "nan",
    "price": 0.0,
    "status": "In Progress",
    "daysElapsed": 16.0,
    "kilometers": 10.0
  },
  {
    "id": 1308.0,
    "Nickname": "MDMR",
    "car": "GA278CV",
    "Model": "Panda ",
    "Category": "Small (group B)",
    "branchOffice": "Trapani Aeroporto",
    "type": "Tagliando Ordinario",
    "pickupDate": "2025-12-26",
    "dropoffDate": "2026-01-15",
    "provider": "nan",
    "price": 0.0,
    "status": "In Progress",
    "daysElapsed": 14.0,
    "kilometers": 111388.0
  },
  {
    "id": 1321.0,
    "Nickname": "FFAR",
    "car": "GN568MS",
    "Model": "Compass or similar",
    "Category": "Suv Automatic (group J1)",
    "branchOffice": "Roma Fiumicino",
    "type": "Tagliando Straordinario",
    "pickupDate": "2025-12-27",
    "dropoffDate": "2026-01-11",
    "provider": "nan",
    "price": 0.0,
    "status": "In Progress",
    "daysElapsed": 13.0,
    "kilometers": 48872.0
  },
  {
    "id": 1327.0,
    "Nickname": "K1",
    "car": "GL422WT",
    "Model": "Boxer L1H1",
    "Category": "Furgone L1H1 (group K1)",
    "branchOffice": "Cassino",
    "type": "Carrozzeria",
    "pickupDate": "2025-12-20",
    "dropoffDate": "2026-01-31",
    "provider": "nan",
    "price": 0.0,
    "status": "In Progress",
    "daysElapsed": 20.0,
    "kilometers": 110895.0
  },
  {
    "id": 1328.0,
    "Nickname": "XKMR",
    "car": "HA898JN",
    "Model": "Deliver9 L3H2",
    "Category": "Furgone L3H2 (group K3)",
    "branchOffice": "Cassino",
    "type": "Carrozzeria",
    "pickupDate": "2026-01-02",
    "dropoffDate": "2026-01-27",
    "provider": "nan",
    "price": 0.0,
    "status": "In Progress",
    "daysElapsed": 7.0,
    "kilometers": 10895.0
  },
  {
    "id": 1330.0,
    "Nickname": "EDAH",
    "car": "HA751VY",
    "Model": "Clio ",
    "Category": "Economy Automatic (group C1)",
    "branchOffice": "Roma Fiumicino",
    "type": "Carrozzeria",
    "pickupDate": "2026-01-02",
    "dropoffDate": "2026-01-17",
    "provider": "Angelo Merlino",
    "price": 0.0,
    "status": "In Progress",
    "daysElapsed": 7.0,
    "kilometers": 732.0
  },
  {
    "id": 1331.0,
    "Nickname": "EDMR",
    "car": "GM694JH",
    "Model": "3 or similar",
    "Category": "Economy (group C)",
    "branchOffice": "Cassino",
    "type": "BuyBack",
    "pickupDate": "2026-01-05",
    "dropoffDate": "2026-01-31",
    "provider": "nan",
    "price": 0.0,
    "status": "In Progress",
    "daysElapsed": 4.0,
    "kilometers": 68308.0
  },
  {
    "id": 1333.0,
    "Nickname": "EDAH",
    "car": "HA726VY",
    "Model": "Clio ",
    "Category": "Economy Automatic (group C1)",
    "branchOffice": "Cassino",
    "type": "Cambio Gomme",
    "pickupDate": "2026-01-03",
    "dropoffDate": "2026-01-12",
    "provider": "nan",
    "price": 0.0,
    "status": "In Progress",
    "daysElapsed": 6.0,
    "kilometers": 2528.0
  },
  {
    "id": 1336.0,
    "Nickname": "EDMR",
    "car": "GS342EA",
    "Model": "Corsa or similar",
    "Category": "Economy (group C)",
    "branchOffice": "Cassino",
    "type": "BuyBack",
    "pickupDate": "2026-01-03",
    "dropoffDate": "2026-01-31",
    "provider": "nan",
    "price": 0.0,
    "status": "In Progress",
    "daysElapsed": 6.0,
    "kilometers": 21173.0
  },
  {
    "id": 1337.0,
    "Nickname": "MDMR",
    "car": "GJ344LD",
    "Model": "Panda ",
    "Category": "Small (group B)",
    "branchOffice": "Trapani Aeroporto",
    "type": "Tagliando Straordinario",
    "pickupDate": "2026-01-04",
    "dropoffDate": "2026-01-12",
    "provider": "nan",
    "price": 0.0,
    "status": "In Progress",
    "daysElapsed": 5.0,
    "kilometers": 58137.0
  },
  {
    "id": 1341.0,
    "Nickname": "K1",
    "car": "GL425WT",
    "Model": "Boxer L1H1",
    "Category": "Furgone L1H1 (group K1)",
    "branchOffice": "Cassino",
    "type": "BuyBack",
    "pickupDate": "2026-01-07",
    "dropoffDate": "2026-01-31",
    "provider": "nan",
    "price": 0.0,
    "status": "In Progress",
    "daysElapsed": 2.0,
    "kilometers": 126407.0
  },
  {
    "id": 1342.0,
    "Nickname": "K1",
    "car": "GL426WT",
    "Model": "Boxer L1H1",
    "Category": "Furgone L1H1 (group K1)",
    "branchOffice": "Cassino",
    "type": "BuyBack",
    "pickupDate": "2026-01-07",
    "dropoffDate": "2026-01-31",
    "provider": "nan",
    "price": 0.0,
    "status": "In Progress",
    "daysElapsed": 2.0,
    "kilometers": 130545.0
  },
  {
    "id": NaN,
    "Nickname": NaN,
    "car": "nan",
    "Model": NaN,
    "Category": NaN,
    "branchOffice": "nan",
    "type": "nan",
    "pickupDate": NaN,
    "dropoffDate": NaN,
    "provider": "nan",
    "price": 0.0,
    "status": "nan",
    "daysElapsed": 0.0,
    "kilometers": 0.0
  }
]